{"cameraMode":{"drawMode":0,"name":"Shaded","section":"Shading Mode"},"sceneLighting":false,"audioPlay":false,"sceneViewState":{"showFog":true,"showMaterialUpdate":false,"showSkybox":false,"showFlares":true,"showImageEffects":true,"showParticleSystems":true},"in2DMode":false,"pivot":{"x":2.389138698577881,"y":2.115196704864502,"z":-211.9290313720703},"rotation":{"x":0.07560465484857559,"y":-0.1457511931657791,"z":0.011172308586537838,"w":0.9863693118095398},"size":6.397595405578613,"orthographic":false}