{"cameraMode":{"drawMode":0,"name":"Shaded","section":"Shading Mode"},"sceneLighting":false,"audioPlay":false,"sceneViewState":{"showFog":true,"showMaterialUpdate":false,"showSkybox":false,"showFlares":true,"showImageEffects":true,"showParticleSystems":true},"in2DMode":false,"pivot":{"x":-12.497873306274414,"y":2.9231534004211427,"z":66.45317077636719},"rotation":{"x":0.707042396068573,"y":-0.009545653127133847,"z":0.009545653127133847,"w":0.707042396068573},"size":296.9988098144531,"orthographic":true}